{
  "id": "1880774",
  "name": "天气",
  "font_family": "iconfont",
  "css_prefix_text": "icon-",
  "description": "",
  "glyphs": [
    {
      "icon_id": "11683679",
      "name": "关闭",
      "font_class": "ziyuan",
      "unicode": "e60a",
      "unicode_decimal": 58890
    },
    {
      "icon_id": "479457",
      "name": "洗车",
      "font_class": "xiche",
      "unicode": "e632",
      "unicode_decimal": 58930
    },
    {
      "icon_id": "554485",
      "name": "太阳",
      "font_class": "iconset0451",
      "unicode": "e74a",
      "unicode_decimal": 59210
    },
    {
      "icon_id": "579810",
      "name": "分享",
      "font_class": "fenxiang",
      "unicode": "e623",
      "unicode_decimal": 58915
    },
    {
      "icon_id": "633333",
      "name": "穿衣习惯",
      "font_class": "3chuanyixiguan",
      "unicode": "e62c",
      "unicode_decimal": 58924
    },
    {
      "icon_id": "714450",
      "name": "评论",
      "font_class": "pinglun",
      "unicode": "e618",
      "unicode_decimal": 58904
    },
    {
      "icon_id": "1354920",
      "name": "旅游",
      "font_class": "lvyou",
      "unicode": "e624",
      "unicode_decimal": 58916
    },
    {
      "icon_id": "2674474",
      "name": "播放",
      "font_class": "bofang",
      "unicode": "e625",
      "unicode_decimal": 58917
    },
    {
      "icon_id": "3104193",
      "name": "感冒药物",
      "font_class": "ganmaoyaowu",
      "unicode": "e60f",
      "unicode_decimal": 58895
    },
    {
      "icon_id": "3896085",
      "name": "晾衣服",
      "font_class": "liangyifu",
      "unicode": "e609",
      "unicode_decimal": 58889
    },
    {
      "icon_id": "6539450",
      "name": "眼睛",
      "font_class": "yanjing",
      "unicode": "e68c",
      "unicode_decimal": 59020
    },
    {
      "icon_id": "7359558",
      "name": "化妆",
      "font_class": "huazhuang",
      "unicode": "e615",
      "unicode_decimal": 58901
    },
    {
      "icon_id": "7791011",
      "name": "交通",
      "font_class": "jiaotong",
      "unicode": "e7ed",
      "unicode_decimal": 59373
    },
    {
      "icon_id": "8203056",
      "name": "舒适度",
      "font_class": "shushidu",
      "unicode": "e607",
      "unicode_decimal": 58887
    },
    {
      "icon_id": "8629754",
      "name": "空气污染分析",
      "font_class": "kongqiwuranfenxi",
      "unicode": "e635",
      "unicode_decimal": 58933
    },
    {
      "icon_id": "10486843",
      "name": "空调",
      "font_class": "kongtiao",
      "unicode": "e638",
      "unicode_decimal": 58936
    },
    {
      "icon_id": "13542517",
      "name": "时装-太阳镜",
      "font_class": "yiwu-",
      "unicode": "e602",
      "unicode_decimal": 58882
    },
    {
      "icon_id": "14313162",
      "name": "关闭",
      "font_class": "guanbi",
      "unicode": "e60b",
      "unicode_decimal": 58891
    },
    {
      "icon_id": "14367816",
      "name": "皮肤过敏",
      "font_class": "pifuguomin",
      "unicode": "e94a",
      "unicode_decimal": 59722
    },
    {
      "icon_id": "14377098",
      "name": "防晒",
      "font_class": "fangshai",
      "unicode": "e952",
      "unicode_decimal": 59730
    },
    {
      "icon_id": "14975824",
      "name": "运动",
      "font_class": "yundong",
      "unicode": "e62e",
      "unicode_decimal": 58926
    },
    {
      "icon_id": "15282668",
      "name": "钓鱼",
      "font_class": "diaoyu",
      "unicode": "e6c2",
      "unicode_decimal": 59074
    }
  ]
}
